Temps;ax;ay;az;gx;gy;gz
5480;-0.9512;0.0308;-0.0840;-0.5488;-0.5488;-0.5488
5490;-0.9604;0.0269;-0.0913;-1.2805;-1.2805;-1.2805
5500;-0.9473;0.0200;-0.0850;-3.3537;-3.3537;-3.3537
5510;-0.9448;0.0293;-0.0879;-3.0488;-3.0488;-3.0488
5520;-0.9473;0.0391;-0.0776;-2.1951;-2.1951;-2.1951
5530;-0.9565;0.0361;-0.0840;-2.0122;-2.0122;-2.0122
5540;-0.9570;0.0278;-0.0811;-3.1707;-3.1707;-3.1707
5550;-0.9404;0.0264;-0.0854;-3.1707;-3.1707;-3.1707
5560;-0.9414;0.0381;-0.0889;-1.7073;-1.7073;-1.7073
5570;-0.9536;0.0308;-0.0894;-0.9146;-0.9146;-0.9146
5580;-0.9546;0.0239;-0.0928;-2.0732;-2.0732;-2.0732
5590;-0.9409;0.0171;-0.0859;-2.9878;-2.9878;-2.9878
5600;-0.9351;0.0317;-0.0806;-2.0732;-2.0732;-2.0732
5610;-0.9502;0.0303;-0.0747;-2.1341;-2.1341;-2.1341
5620;-0.9482;0.0298;-0.0757;-1.3415;-1.3415;-1.3415
5630;-0.9409;0.0264;-0.0889;-0.9146;-0.9146;-0.9146
5640;-0.9434;0.0347;-0.0747;-0.4268;-0.4268;-0.4268
5650;-0.9492;0.0317;-0.0869;-0.3049;-0.3049;-0.3049
5660;-0.9507;0.0254;-0.0757;-1.3415;-1.3415;-1.3415
5670;-0.9478;0.0308;-0.0845;-2.2561;-2.2561;-2.2561
5680;-0.9429;0.0288;-0.0825;-2.0732;-2.0732;-2.0732
5690;-0.9487;0.0244;-0.0879;-0.9756;-0.9756;-0.9756
5700;-0.9453;0.0264;-0.0801;-0.9146;-0.9146;-0.9146
5710;-0.9551;0.0269;-0.0898;-1.0366;-1.0366;-1.0366
5720;-0.9536;0.0269;-0.0923;-1.4024;-1.4024;-1.4024
5730;-0.9570;0.0322;-0.0845;-1.7683;-1.7683;-1.7683
5740;-0.9546;0.0239;-0.0757;-1.9512;-1.9512;-1.9512
5750;-0.9541;0.0288;-0.0806;-1.8902;-1.8902;-1.8902
5760;-0.9482;0.0264;-0.0894;-1.6463;-1.6463;-1.6463
5770;-0.9438;0.0317;-0.0854;-1.7073;-1.7073;-1.7073
5780;-0.9497;0.0386;-0.0845;-1.8293;-1.8293;-1.8293
5790;-0.9453;0.0347;-0.0771;-0.6707;-0.6707;-0.6707
5800;-0.9468;0.0317;-0.0908;-0.4878;-0.4878;-0.4878
5810;-0.9404;0.0327;-0.0786;-0.9146;-0.9146;-0.9146
5820;-0.9429;0.0332;-0.0952;-0.3659;-0.3659;-0.3659
5830;-0.9404;0.0322;-0.0781;0.2439;0.2439;0.2439
5840;-0.9434;0.0264;-0.0854;0.0000;0.0000;0.0000
5850;-0.9414;0.0259;-0.0781;0.0000;0.0000;0.0000
5860;-0.9492;0.0210;-0.0854;0.2439;0.2439;0.2439
5870;-0.9458;0.0298;-0.0845;-0.6098;-0.6098;-0.6098
5880;-0.9399;0.0430;-0.0806;-0.9146;-0.9146;-0.9146
5890;-0.9482;0.0400;-0.0845;-1.2805;-1.2805;-1.2805
5900;-0.9482;0.0273;-0.0913;-2.7439;-2.7439;-2.7439
5910;-0.9487;0.0273;-0.1045;-5.2439;-5.2439;-5.2439
5920;-0.9395;0.0264;-0.1069;-9.6951;-9.6951;-9.6951
5931;-0.9565;0.0063;-0.1025;-14.8171;-14.8171;-14.8171
5941;-0.9590;0.0127;-0.0864;-15.8537;-15.8537;-15.8537
5951;-0.9429;0.0020;-0.1235;-16.2805;-16.2805;-16.2805
5961;-0.9688;-0.0029;-0.0825;-13.9634;-13.9634;-13.9634
5971;-0.9658;-0.0044;-0.0830;-9.8780;-9.8780;-9.8780
5981;-0.9419;0.0010;-0.0679;-6.5244;-6.5244;-6.5244
5991;-0.9341;0.0137;-0.0620;-3.4146;-3.4146;-3.4146
6001;-0.9419;0.0234;-0.0391;0.1829;0.1829;0.1829
6011;-0.9351;0.0288;-0.0186;1.5854;1.5854;1.5854
6021;-0.9678;0.0347;0.0352;1.7073;1.7073;1.7073
6031;-1.0513;-0.0132;0.1455;13.7805;13.7805;13.7805
6041;-1.0898;-0.0835;0.3540;45.6707;45.6707;45.6707
6051;-1.0415;-0.2095;0.5254;81.4634;81.4634;81.4634
6061;-0.8843;-0.2222;0.6445;92.2561;92.2561;92.2561
6071;-0.7617;-0.1226;0.7451;85.3659;85.3659;85.3659
6081;-0.7075;0.1172;0.8203;58.5976;58.5976;58.5976
6091;-0.6323;0.2935;0.8794;24.8171;24.8171;24.8171
6102;-0.5532;0.2656;0.8999;0.3049;0.3049;0.3049
6112;-0.6094;0.2417;0.7720;-27.8049;-27.8049;-27.8049
6122;-0.7310;0.2813;0.5410;-59.3293;-59.3293;-59.3293
6132;-0.8188;0.2764;0.2393;-71.7073;-71.7073;-71.7073
6142;-1.0166;0.2617;-0.0776;-71.9512;-71.9512;-71.9512
6152;-1.0107;0.1060;-0.3296;-74.9390;-74.9390;-74.9390
6162;-0.9619;-0.0493;-0.5986;-68.8415;-68.8415;-68.8415
6172;-1.0874;-0.1304;-0.7554;-82.9878;-82.9878;-82.9878
6182;-1.3188;-0.1572;-0.8652;-72.9268;-72.9268;-72.9268
6192;-1.4185;-0.1021;-0.9878;-66.3415;-66.3415;-66.3415
6202;-1.4810;-0.1128;-0.9927;-44.9390;-44.9390;-44.9390
6212;-1.4165;-0.1260;-0.9351;-21.3415;-21.3415;-21.3415
6222;-1.3315;-0.0908;-0.9385;-8.4146;-8.4146;-8.4146
6232;-1.3120;-0.0107;-0.8931;1.0976;1.0976;1.0976
6242;-1.2334;0.0317;-0.8403;10.9756;10.9756;10.9756
6252;-1.0693;0.0737;-0.7988;20.4268;20.4268;20.4268
6262;-0.9326;0.0762;-0.7490;18.1707;18.1707;18.1707
6272;-0.8486;0.0649;-0.6870;14.6341;14.6341;14.6341
6282;-0.7554;0.1338;-0.5771;14.6341;14.6341;14.6341
6292;-0.6411;0.1714;-0.4937;15.0610;15.0610;15.0610
6302;-0.5874;0.1616;-0.3877;14.2683;14.2683;14.2683
6312;-0.5801;0.1499;-0.3184;20.6707;20.6707;20.6707
6322;-0.5552;0.1387;-0.2715;20.3049;20.3049;20.3049
6332;-0.5576;0.1064;-0.2227;15.4268;15.4268;15.4268
6342;-0.6001;0.0928;-0.1831;8.1098;8.1098;8.1098
6352;-0.6460;0.0142;-0.0908;7.4390;7.4390;7.4390
6362;-0.7188;-0.0449;0.0498;16.0976;16.0976;16.0976
6372;-0.8262;-0.1606;0.1548;32.1341;32.1341;32.1341
6382;-0.9077;-0.2134;0.1865;41.3415;41.3415;41.3415
6392;-1.0063;-0.1875;0.2344;46.3415;46.3415;46.3415
6402;-1.0596;-0.1157;0.2690;48.2317;48.2317;48.2317
6412;-1.0928;-0.0459;0.2837;39.3902;39.3902;39.3902
6422;-1.1313;-0.0059;0.2739;25.0000;25.0000;25.0000
6432;-1.1528;0.0356;0.2573;13.9024;13.9024;13.9024
6443;-1.1289;0.0645;0.2129;4.9390;4.9390;4.9390
6453;-1.1182;0.0830;0.1821;0.0000;0.0000;0.0000
6463;-1.1040;0.0898;0.1313;-4.9390;-4.9390;-4.9390
6473;-1.0674;0.0996;0.0972;-6.2805;-6.2805;-6.2805
6483;-0.9644;0.0703;0.0376;-10.3659;-10.3659;-10.3659
6493;-0.9155;0.0464;0.0146;-14.0854;-14.0854;-14.0854
6503;-0.9141;0.0083;-0.0195;-14.8171;-14.8171;-14.8171
6513;-0.9214;-0.0435;-0.0327;-13.9024;-13.9024;-13.9024
6523;-0.9551;-0.0493;-0.0479;-9.9390;-9.9390;-9.9390
6533;-0.9561;-0.0254;-0.0684;-3.7805;-3.7805;-3.7805
6543;-0.9678;0.0146;-0.0728;1.6463;1.6463;1.6463
6553;-0.9507;0.0332;-0.0830;3.7805;3.7805;3.7805
6563;-0.9390;0.0464;-0.1030;1.0976;1.0976;1.0976
6573;-0.9395;0.0479;-0.1162;-1.4024;-1.4024;-1.4024
6583;-0.9390;0.0674;-0.1279;-2.6220;-2.6220;-2.6220
6593;-0.9434;0.0737;-0.1450;-3.7195;-3.7195;-3.7195
6603;-0.9434;0.0752;-0.1504;-3.6585;-3.6585;-3.6585
6614;-0.9419;0.0693;-0.1387;-1.8293;-1.8293;-1.8293
6624;-0.9507;0.0742;-0.1484;0.4878;0.4878;0.4878
6634;-0.9312;0.0718;-0.1602;2.8659;2.8659;2.8659
6644;-0.9282;0.0830;-0.1621;3.1098;3.1098;3.1098
6654;-0.9189;0.0879;-0.1865;3.2317;3.2317;3.2317
6664;-0.9087;0.1006;-0.2305;1.2805;1.2805;1.2805
6674;-0.9038;0.1372;-0.3311;-6.0366;-6.0366;-6.0366
6684;-0.8804;0.1753;-0.4565;-16.1585;-16.1585;-16.1585
6694;-0.8589;0.2446;-0.6172;-39.5122;-39.5122;-39.5122
6704;-0.8804;0.3154;-0.7808;-56.5244;-56.5244;-56.5244
6714;-0.9072;0.3789;-0.8970;-62.5000;-62.5000;-62.5000
6724;-0.9722;0.2363;-1.0889;-56.8293;-56.8293;-56.8293
6734;-1.0557;0.2041;-1.0674;-50.3659;-50.3659;-50.3659
6744;-1.1011;0.1152;-1.0625;-33.4146;-33.4146;-33.4146
6754;-1.0786;0.0767;-0.9873;-10.3659;-10.3659;-10.3659
6764;-0.9761;0.0293;-0.9551;3.4146;3.4146;3.4146
6774;-0.9067;-0.0342;-0.8394;13.9024;13.9024;13.9024
6784;-0.8892;-0.1270;-0.7329;22.3780;22.3780;22.3780
6794;-0.8984;-0.1743;-0.5630;33.5366;33.5366;33.5366
6804;-0.9834;-0.2642;-0.2944;41.0976;41.0976;41.0976
6814;-1.0679;-0.3535;-0.0049;57.9878;57.9878;57.9878
6824;-1.1260;-0.3701;0.2954;73.4146;73.4146;73.4146
6834;-1.1631;-0.3047;0.5049;83.6585;83.6585;83.6585
6844;-1.1548;-0.1558;0.7051;81.8902;81.8902;81.8902
6854;-1.0972;0.0811;0.9463;62.5610;62.5610;62.5610
6864;-1.0220;0.2363;1.1191;37.2561;37.2561;37.2561
6874;-0.9370;0.3325;1.1973;9.4512;9.4512;9.4512
6884;-0.8892;0.3906;1.1870;-18.5976;-18.5976;-18.5976
6894;-0.9038;0.3857;1.1553;-32.3171;-32.3171;-32.3171
6904;-0.9106;0.3716;1.0815;-37.8659;-37.8659;-37.8659
6914;-0.8750;0.3345;0.9805;-35.1829;-35.1829;-35.1829
6924;-0.8418;0.2397;0.8931;-25.4268;-25.4268;-25.4268
6934;-0.8145;0.1514;0.7817;-16.1585;-16.1585;-16.1585
6944;-0.8022;0.0801;0.6680;-9.6951;-9.6951;-9.6951
6955;-0.7876;0.0142;0.5645;-2.3171;-2.3171;-2.3171
6965;-0.7456;-0.0273;0.4844;7.8659;7.8659;7.8659
6975;-0.7061;-0.0752;0.3965;15.2439;15.2439;15.2439
6985;-0.6631;-0.0947;0.2822;17.1951;17.1951;17.1951
6995;-0.6797;-0.0767;0.1636;10.1829;10.1829;10.1829
7005;-0.7236;-0.0386;0.0703;-4.3293;-4.3293;-4.3293
7015;-0.8438;0.0264;-0.0044;-19.2073;-19.2073;-19.2073
7025;-0.9766;0.0850;-0.1162;-26.7683;-26.7683;-26.7683
7035;-1.0352;0.1470;-0.2642;-31.7683;-31.7683;-31.7683
7045;-1.0444;0.1992;-0.3779;-27.3780;-27.3780;-27.3780
7055;-1.0342;0.2056;-0.5068;-14.6341;-14.6341;-14.6341
7065;-1.0190;0.2007;-0.6294;-2.3171;-2.3171;-2.3171
7075;-1.0088;0.1831;-0.6724;5.1829;5.1829;5.1829
7085;-1.0181;0.1250;-0.6787;8.4146;8.4146;8.4146
7095;-1.0049;0.0991;-0.6914;5.6707;5.6707;5.6707
7105;-0.9995;0.0474;-0.6841;0.3659;0.3659;0.3659
7115;-1.0103;0.0171;-0.6636;-3.1098;-3.1098;-3.1098
7126;-1.0215;0.0215;-0.6211;-2.3780;-2.3780;-2.3780
7136;-1.0254;0.0015;-0.5640;-1.5854;-1.5854;-1.5854
7146;-1.0098;-0.0229;-0.5190;3.5366;3.5366;3.5366
7156;-0.9736;0.0044;-0.4497;7.1341;7.1341;7.1341
7166;-0.9424;0.0098;-0.3608;10.1829;10.1829;10.1829
7176;-0.9199;0.0308;-0.2988;11.2805;11.2805;11.2805
7186;-0.9204;0.0576;-0.2178;14.6341;14.6341;14.6341
7196;-0.9248;0.0723;-0.1538;19.3902;19.3902;19.3902
7206;-0.9175;0.0723;-0.1162;24.2683;24.2683;24.2683
7216;-0.8989;0.0723;-0.0713;24.0854;24.0854;24.0854
7226;-0.9126;0.0635;-0.0176;22.0732;22.0732;22.0732
7236;-0.9126;0.0400;0.0005;19.5122;19.5122;19.5122
7246;-0.9370;-0.0039;-0.0098;12.0122;12.0122;12.0122
7256;-0.9980;-0.0454;-0.0244;-0.3659;-0.3659;-0.3659
7266;-1.0967;-0.1382;-0.0635;-16.5854;-16.5854;-16.5854
7276;-1.2324;-0.3154;-0.1851;-24.3902;-24.3902;-24.3902
7286;-1.3638;-0.6245;-0.3096;-19.6341;-19.6341;-19.6341
7296;-1.3916;-0.9346;-0.4624;-0.9146;-0.9146;-0.9146
7306;-1.4253;-1.0942;-0.6035;22.3780;22.3780;22.3780
7316;-1.3633;-1.1543;-0.5815;43.1098;43.1098;43.1098
7326;-1.0742;-1.1987;-0.6045;50.7927;50.7927;50.7927
7336;-0.8027;-1.1563;-0.6265;46.6463;46.6463;46.6463
7346;-0.6123;-1.0000;-0.5923;36.4024;36.4024;36.4024
7356;-0.3672;-0.7886;-0.5015;10.4268;10.4268;10.4268
7366;-0.1611;-0.4854;-0.3940;-50.0000;-50.0000;-50.0000
7376;-0.2065;-0.0244;-0.2715;-117.8049;-117.8049;-117.8049
7386;-0.4429;0.5049;-0.1318;-153.9024;-153.9024;-153.9024
7396;-0.7793;1.1221;0.0469;-148.7195;-148.7195;-148.7195
7406;-1.0068;1.4932;0.2310;-119.1463;-119.1463;-119.1463
7416;-1.1270;1.7314;0.2798;-69.3902;-69.3902;-69.3902
7426;-1.3066;1.8813;0.3447;-8.4146;-8.4146;-8.4146
7436;-1.4502;1.9272;0.3979;61.2805;61.2805;61.2805
7446;-1.3403;1.8491;0.4058;95.9756;95.9756;95.9756
7456;-1.1406;1.5928;0.3599;92.7439;92.7439;92.7439
7467;-1.0078;1.3374;0.2900;71.9512;71.9512;71.9512
7477;-0.9580;1.1792;0.2275;47.3171;47.3171;47.3171
7487;-0.9697;1.0977;0.1729;33.7805;33.7805;33.7805
7497;-0.9663;0.9888;0.1030;30.7927;30.7927;30.7927
7507;-0.9419;0.7969;0.0142;32.0732;32.0732;32.0732
7517;-0.9111;0.5762;-0.0747;28.1098;28.1098;28.1098
7527;-0.9043;0.1880;-0.2046;17.4390;17.4390;17.4390
7537;-0.9204;-0.1875;-0.3604;5.0610;5.0610;5.0610
7547;-1.0093;-0.4751;-0.4683;-9.9390;-9.9390;-9.9390
7557;-1.0615;-0.7275;-0.5659;-19.8171;-19.8171;-19.8171
7567;-1.0825;-0.8838;-0.6099;-22.0732;-22.0732;-22.0732
7577;-1.0728;-0.9907;-0.6182;-15.3049;-15.3049;-15.3049
7587;-1.0405;-0.9888;-0.5776;-7.6829;-7.6829;-7.6829
7597;-0.9668;-0.8877;-0.5508;-2.3171;-2.3171;-2.3171
7607;-0.9009;-0.7891;-0.5068;1.8902;1.8902;1.8902
7617;-0.8486;-0.6382;-0.4438;6.0366;6.0366;6.0366
7627;-0.8057;-0.5107;-0.3745;6.3415;6.3415;6.3415
7638;-0.7729;-0.3599;-0.2915;5.4878;5.4878;5.4878
7648;-0.7124;-0.2295;-0.2144;3.5976;3.5976;3.5976
7658;-0.6875;-0.1133;-0.1392;-0.6098;-0.6098;-0.6098
7668;-0.7188;0.0337;-0.0796;-3.9634;-3.9634;-3.9634
7678;-0.7769;0.1704;-0.0474;-2.1951;-2.1951;-2.1951
7688;-0.8770;0.3086;-0.0029;2.2561;2.2561;2.2561
7698;-0.9409;0.3877;0.0161;5.7317;5.7317;5.7317
7708;-0.9985;0.4121;0.0093;9.2073;9.2073;9.2073
7718;-1.0474;0.4351;0.0142;10.7927;10.7927;10.7927
7728;-1.0518;0.4414;0.0063;10.3659;10.3659;10.3659
7738;-1.0259;0.4424;-0.0034;8.4756;8.4756;8.4756
7748;-1.0195;0.4351;-0.0205;6.9512;6.9512;6.9512
7758;-1.0088;0.4126;-0.0435;1.2805;1.2805;1.2805
7768;-1.0024;0.4165;-0.0791;-7.9878;-7.9878;-7.9878
7778;-1.0225;0.4756;-0.0786;-20.2439;-20.2439;-20.2439
7788;-1.0645;0.5811;-0.1084;-30.7927;-30.7927;-30.7927
7798;-1.1201;0.7900;-0.1167;-44.7561;-44.7561;-44.7561
7808;-1.2075;1.0879;-0.0605;-60.7317;-60.7317;-60.7317
7818;-1.3940;1.5000;0.0532;-72.0732;-72.0732;-72.0732
7828;-1.5186;1.9180;0.2393;-61.7073;-61.7073;-61.7073
7838;-1.4370;1.9849;0.3828;-39.1463;-39.1463;-39.1463
7848;-1.1714;1.8672;0.3682;-16.7073;-16.7073;-16.7073
7858;-0.9521;1.6357;0.2949;-0.1220;-0.1220;-0.1220
7868;-0.5947;1.2163;0.1577;5.6098;5.6098;5.6098
7878;-0.2896;0.5830;-0.1235;-9.0854;-9.0854;-9.0854
7888;-0.1567;-0.0537;-0.4165;-26.8902;-26.8902;-26.8902
7898;-0.3062;-0.7715;-0.6255;-49.2073;-49.2073;-49.2073
7908;-0.6641;-1.3760;-0.8838;-79.8781;-79.8781;-79.8781
7918;-0.9702;-1.7847;-1.0811;-101.4024;-101.4024;-101.4024
7928;-1.1274;-2.0225;-1.2075;-103.5366;-103.5366;-103.5366
7938;-1.1230;-2.1411;-1.2695;-91.6463;-91.6463;-91.6463
7948;-1.1187;-2.1479;-1.2778;-75.2439;-75.2439;-75.2439
7958;-1.1221;-2.0889;-1.2231;-58.5366;-58.5366;-58.5366
7968;-1.0562;-1.9766;-1.1289;-34.1463;-34.1463;-34.1463
7979;-0.9644;-1.8647;-1.0269;-9.2683;-9.2683;-9.2683
7989;-0.8506;-1.7085;-0.9272;3.6585;3.6585;3.6585
7999;-0.7271;-1.5078;-0.8193;4.5122;4.5122;4.5122
8009;-0.6152;-1.2705;-0.7075;5.4268;5.4268;5.4268
8019;-0.5244;-0.9932;-0.6196;10.0000;10.0000;10.0000
8029;-0.4556;-0.7153;-0.5430;12.7439;12.7439;12.7439
8039;-0.3911;-0.3652;-0.3950;20.9756;20.9756;20.9756
8049;-0.3130;0.0137;-0.2549;42.3171;42.3171;42.3171
8059;-0.2476;0.4292;-0.0835;59.3902;59.3902;59.3902
8069;-0.3018;0.8467;0.0571;48.1707;48.1707;48.1707
8079;-0.5947;1.2241;0.1777;10.7317;10.7317;10.7317
8089;-0.9331;1.4556;0.2651;-25.9756;-25.9756;-25.9756
8099;-1.1025;1.6064;0.3247;-48.4756;-48.4756;-48.4756
8109;-1.2505;1.7310;0.3916;-41.4024;-41.4024;-41.4024
8119;-1.2808;1.7314;0.4443;-6.4634;-6.4634;-6.4634
8129;-1.2539;1.5942;0.4585;30.9146;30.9146;30.9146
8139;-1.1509;1.2959;0.3862;45.9756;45.9756;45.9756
8150;-1.0322;0.8838;0.2236;36.8293;36.8293;36.8293
8160;-0.9321;0.5005;0.0752;24.3902;24.3902;24.3902
8170;-0.8867;0.1855;-0.0703;8.1098;8.1098;8.1098
8180;-0.9102;-0.0737;-0.1963;-7.0732;-7.0732;-7.0732
8190;-0.9048;-0.3066;-0.3140;-9.8171;-9.8171;-9.8171
8200;-0.9277;-0.4502;-0.4053;-10.0610;-10.0610;-10.0610
8210;-0.9702;-0.4517;-0.4307;-8.9024;-8.9024;-8.9024
8220;-0.9810;-0.4121;-0.4370;-3.4146;-3.4146;-3.4146
8230;-0.9590;-0.3848;-0.4155;5.9146;5.9146;5.9146
8240;-0.9268;-0.3745;-0.4214;19.7561;19.7561;19.7561
8250;-0.9268;-0.3291;-0.3779;33.5976;33.5976;33.5976
8260;-0.9009;-0.2568;-0.3384;37.5610;37.5610;37.5610
8270;-0.8682;-0.1938;-0.2944;41.4024;41.4024;41.4024
8280;-0.8501;-0.1074;-0.2505;47.5000;47.5000;47.5000
8290;-0.8740;-0.0176;-0.2090;52.5610;52.5610;52.5610
8300;-0.9302;0.0625;-0.1646;52.2561;52.2561;52.2561
8310;-1.0024;0.1353;-0.1367;47.7439;47.7439;47.7439
8320;-1.0996;0.2007;-0.1270;39.4512;39.4512;39.4512
8330;-1.2144;0.2598;-0.0952;23.2317;23.2317;23.2317
8340;-1.3853;0.3481;-0.0967;9.6341;9.6341;9.6341
8350;-1.6377;0.4351;-0.1431;-2.5610;-2.5610;-2.5610
8360;-2.0073;0.4438;-0.2612;-12.5610;-12.5610;-12.5610
8370;-2.3940;0.4370;-0.3936;-23.9024;-23.9024;-23.9024
8380;-2.9458;0.2876;-0.6626;-25.9756;-25.9756;-25.9756
8390;-3.1616;-0.0361;-0.9077;-17.3780;-17.3780;-17.3780
8400;-3.1108;-0.1836;-0.9976;-18.1098;-18.1098;-18.1098
8410;-2.8057;-0.1270;-0.9238;-22.2561;-22.2561;-22.2561
8420;-2.2388;0.0234;-0.7764;-24.5732;-24.5732;-24.5732
8430;-1.6309;0.2173;-0.6245;-32.9878;-32.9878;-32.9878
8440;-1.1919;0.3242;-0.4512;-50.4878;-50.4878;-50.4878
8450;-0.7622;0.3130;-0.3101;-66.7073;-66.7073;-66.7073
8460;-0.2734;0.2656;-0.1763;-71.4024;-71.4024;-71.4024
8470;0.1699;0.2124;-0.0308;-68.2317;-68.2317;-68.2317
8480;0.5737;0.0918;0.1182;-56.4024;-56.4024;-56.4024
8491;0.8711;-0.0371;0.2173;-52.7439;-52.7439;-52.7439
8501;1.2246;-0.1904;0.1675;-58.5366;-58.5366;-58.5366
8511;1.1509;-0.3252;0.3477;-72.9878;-72.9878;-72.9878
8521;1.1650;-0.3970;0.3765;-82.0732;-82.0732;-82.0732
8531;1.0957;-0.3755;0.3398;-70.4268;-70.4268;-70.4268
8541;1.0186;-0.3179;0.2954;-49.4512;-49.4512;-49.4512
8551;0.8848;-0.2412;0.2310;-29.6341;-29.6341;-29.6341
8561;0.7266;-0.2358;0.1587;-11.4024;-11.4024;-11.4024
8571;0.5972;-0.1987;0.0479;15.2439;15.2439;15.2439
8581;0.5098;-0.1392;-0.0469;39.6951;39.6951;39.6951
8591;0.3413;-0.0786;-0.1484;64.3902;64.3902;64.3902
8601;0.2729;-0.0742;-0.1602;87.8659;87.8659;87.8659
8611;0.2153;0.0073;-0.1738;109.6341;109.6341;109.6341
8621;0.1089;0.0903;-0.1958;123.5366;123.5366;123.5366
8631;-0.0952;0.2739;-0.3003;131.7683;131.7683;131.7683
8641;-0.3662;0.3774;-0.3511;120.4878;120.4878;120.4878
8651;-0.7490;0.4351;-0.4561;90.9146;90.9146;90.9146
8662;-1.4126;0.5176;-0.5791;51.0976;51.0976;51.0976
8672;-2.3115;0.4580;-0.6631;14.0854;14.0854;14.0854
8682;-3.1099;0.2500;-0.7974;-2.5610;-2.5610;-2.5610
8692;-3.6406;-0.0269;-0.9351;14.3293;14.3293;14.3293
8702;-3.7393;-0.0542;-0.9170;52.9878;52.9878;52.9878
8712;-3.4810;-0.0073;-0.8145;93.9024;93.9024;93.9024
8722;-2.9507;0.1143;-0.6860;111.5244;111.5244;111.5244
8732;-2.4160;0.1865;-0.5234;97.6829;97.6829;97.6829
8742;-1.9980;0.1841;-0.3809;63.5366;63.5366;63.5366
8752;-1.6455;0.1382;-0.2617;25.8537;25.8537;25.8537
8762;-1.3447;0.1323;-0.1680;-9.2073;-9.2073;-9.2073
8772;-1.0967;0.1533;-0.1025;-27.2561;-27.2561;-27.2561
8782;-0.8579;0.1602;-0.0298;-27.7439;-27.7439;-27.7439
8792;-0.6577;0.1719;0.0249;-24.3293;-24.3293;-24.3293
8802;-0.4663;0.1509;0.0684;-21.0976;-21.0976;-21.0976
8812;-0.3994;0.1553;0.0996;-22.2561;-22.2561;-22.2561
8822;-0.3652;0.1235;0.0815;-30.4878;-30.4878;-30.4878
8832;-0.3755;0.1338;0.0962;-34.4512;-34.4512;-34.4512
8842;-0.3521;0.1113;0.0786;-31.0366;-31.0366;-31.0366
8852;-0.3774;0.1533;0.0542;-24.6341;-24.6341;-24.6341
8862;-0.5288;0.1880;0.0190;-23.1707;-23.1707;-23.1707
8872;-0.6826;0.1631;-0.0278;-27.5610;-27.5610;-27.5610
8882;-0.7285;0.1328;-0.0532;-26.5244;-26.5244;-26.5244
8892;-0.6392;0.0986;-0.0552;-9.2073;-9.2073;-9.2073
8902;-0.4429;0.0640;-0.0313;20.0000;20.0000;20.0000
8912;-0.1401;-0.0015;-0.0010;50.3049;50.3049;50.3049
8922;0.2920;-0.1372;0.0098;45.9146;45.9146;45.9146
8932;0.7241;-0.3398;0.0869;23.1098;23.1098;23.1098
8942;0.9985;-0.1890;0.1782;1.9512;1.9512;1.9512
8952;1.0210;0.1123;0.2788;2.0122;2.0122;2.0122
8962;0.9380;0.3413;0.1724;15.4268;15.4268;15.4268
8972;0.2588;0.6255;-0.0806;15.3659;15.3659;15.3659
8982;-0.9639;0.7524;-0.3403;5.7927;5.7927;5.7927
8992;-2.1362;0.6196;-0.6147;-10.0610;-10.0610;-10.0610
9003;-2.8896;0.3311;-0.7920;-19.5732;-19.5732;-19.5732
9013;-3.2866;0.0527;-0.8267;-6.7073;-6.7073;-6.7073
9023;-3.8594;-0.0171;-0.8096;43.1098;43.1098;43.1098
9033;-3.5576;-0.2246;-0.6206;-26.3415;-26.3415;-26.3415
9043;-2.9438;-0.1396;-0.7178;12.3171;12.3171;12.3171
9053;-2.3794;0.2705;-0.4751;45.5488;45.5488;45.5488
9063;-1.8970;0.0640;-0.2339;67.3781;67.3781;67.3781
9073;-1.0161;-0.0356;-0.3125;70.7927;70.7927;70.7927
9083;-0.6230;-0.1074;-0.1924;20.2439;20.2439;20.2439
9093;-0.4326;-0.0503;-0.0718;-27.1951;-27.1951;-27.1951
9103;-0.3218;0.0767;-0.0220;-57.4390;-57.4390;-57.4390
9113;-0.3223;0.1553;0.0200;-59.3902;-59.3902;-59.3902
9123;-0.3472;0.1885;0.0483;-40.4268;-40.4268;-40.4268
9133;-0.3994;0.2056;0.0391;-28.1098;-28.1098;-28.1098
9143;-0.5327;0.2246;0.0063;-29.5732;-29.5732;-29.5732
9153;-0.7651;0.2651;-0.0195;-27.6220;-27.6220;-27.6220
9163;-1.0801;0.2563;-0.0840;-18.7805;-18.7805;-18.7805
9174;-1.3657;0.1724;-0.1563;-20.3049;-20.3049;-20.3049
9184;-1.6182;0.1255;-0.2021;-30.6098;-30.6098;-30.6098
9194;-1.7964;0.0640;-0.2681;-31.3415;-31.3415;-31.3415
9204;-1.7773;0.0562;-0.2725;-32.1951;-32.1951;-32.1951
9214;-1.6987;0.0732;-0.2603;-30.4268;-30.4268;-30.4268
9224;-1.5737;0.0840;-0.2241;-30.2439;-30.2439;-30.2439
9234;-1.3911;0.0220;-0.2319;-31.8293;-31.8293;-31.8293
9244;-1.2202;-0.0386;-0.2124;-37.2561;-37.2561;-37.2561
9254;-0.9668;-0.0200;-0.1465;-38.8415;-38.8415;-38.8415
9264;-0.6445;-0.0210;-0.1001;-36.5854;-36.5854;-36.5854
9274;-0.3745;-0.0322;-0.0313;-33.7805;-33.7805;-33.7805
9284;-0.1807;0.0205;0.0361;-34.4512;-34.4512;-34.4512
9294;0.0020;0.0625;0.0923;-33.0488;-33.0488;-33.0488
9304;0.0835;0.0703;0.1084;-30.7317;-30.7317;-30.7317
9314;0.0986;0.0562;0.1313;-26.8902;-26.8902;-26.8902
9324;0.0474;0.0479;0.1191;-22.9878;-22.9878;-22.9878
9334;-0.0850;0.0571;0.0728;-23.3537;-23.3537;-23.3537
9344;-0.2910;0.0308;0.0322;-28.1098;-28.1098;-28.1098
9354;-0.5444;-0.0449;-0.0542;-37.7439;-37.7439;-37.7439
9364;-0.7183;-0.1084;-0.1484;-36.7073;-36.7073;-36.7073
9374;-0.8604;-0.1309;-0.1924;-28.4146;-28.4146;-28.4146
9384;-1.0059;-0.1455;-0.2192;-16.5854;-16.5854;-16.5854
9394;-1.1074;-0.1479;-0.2358;-3.6585;-3.6585;-3.6585
9404;-1.1738;-0.1084;-0.2485;7.1951;7.1951;7.1951
9414;-1.2324;-0.0444;-0.2505;11.0366;11.0366;11.0366
9424;-1.2568;-0.0386;-0.3052;5.5488;5.5488;5.5488
9434;-1.2158;0.0332;-0.2603;-30.7927;-30.7927;-30.7927
9444;-1.2466;0.2197;-0.1572;-77.0732;-77.0732;-77.0732
9454;-1.3076;0.4360;-0.1147;-116.8902;-116.8902;-116.8902
9464;-1.3916;0.5439;0.2617;-144.6951;-144.6951;-144.6951
9474;-1.2754;0.7524;0.1177;-160.9756;-160.9756;-160.9756
9484;-1.2905;0.9116;0.1421;-100.6707;-100.6707;-100.6707
9494;-1.0454;0.9653;0.0967;88.4146;88.4146;88.4146
9504;-0.6792;0.7402;-0.1089;262.1951;262.1951;262.1951
9515;-0.5259;0.6323;-0.2671;330.9756;330.9756;330.9756
9525;-0.5386;0.5137;-0.5293;353.4146;353.4146;353.4146
9535;-0.9805;0.1543;-0.6636;312.2561;312.2561;312.2561
9545;-1.1030;-0.4971;-0.9927;169.6342;169.6342;169.6342
9555;-0.8159;-1.4731;-1.4365;39.7561;39.7561;39.7561
9565;-0.6475;-1.6719;-1.4380;-68.6585;-68.6585;-68.6585
9575;-0.7612;-1.2749;-0.8022;-87.0732;-87.0732;-87.0732
9585;-0.8335;-0.4585;-0.1040;-76.9512;-76.9512;-76.9512
9595;-1.0796;0.3423;0.5381;-99.5122;-99.5122;-99.5122
9605;-1.3042;0.5142;0.7661;-130.1829;-130.1829;-130.1829
9615;-1.5894;0.3628;0.5010;-131.9512;-131.9512;-131.9512
9625;-1.6699;-0.0337;0.0557;-127.1341;-127.1341;-127.1341
9635;-1.5840;-0.4580;-0.3325;-141.9512;-141.9512;-141.9512
9645;-1.3169;-0.7310;-0.6250;-156.1585;-156.1585;-156.1585
9655;-1.0830;-0.6797;-0.5366;-139.2683;-139.2683;-139.2683
9665;-0.9053;-0.3750;-0.5142;-66.5244;-66.5244;-66.5244
9675;-0.9077;0.0684;-0.4258;-6.9512;-6.9512;-6.9512
9686;-1.2568;0.5132;-0.3296;-11.1585;-11.1585;-11.1585
9696;-1.7827;1.0259;-0.0513;-14.5122;-14.5122;-14.5122
9706;-2.0264;1.2129;0.1484;51.8293;51.8293;51.8293
9716;-1.6831;1.1421;0.1152;191.8293;191.8293;191.8293
9726;-0.8994;0.4829;-0.5386;273.2317;273.2317;273.2317
9736;-0.4736;0.2969;-0.1802;265.9756;265.9756;265.9756
9746;-0.3174;0.0337;-0.0820;222.5610;222.5610;222.5610
9756;-0.2427;-0.2148;-0.1509;148.4146;148.4146;148.4146
9766;-0.2925;-0.3125;-0.2344;41.5244;41.5244;41.5244
9776;-0.4653;-0.1992;-0.1777;-50.3049;-50.3049;-50.3049
9786;-0.6880;-0.0532;-0.1401;-101.0366;-101.0366;-101.0366
9796;-0.8306;0.0576;-0.1133;-96.7073;-96.7073;-96.7073
9806;-0.9541;0.1333;-0.1230;-68.5366;-68.5366;-68.5366
9816;-1.0718;0.2017;-0.1382;-44.4512;-44.4512;-44.4512
9826;-1.1519;0.1392;-0.1709;-5.9146;-5.9146;-5.9146
9836;-1.0981;0.0986;-0.2061;44.5122;44.5122;44.5122
9846;-0.9961;0.0498;-0.2197;70.4878;70.4878;70.4878
9856;-0.9214;-0.0244;-0.2739;75.8537;75.8537;75.8537
9866;-0.8267;-0.1299;-0.2900;63.2927;63.2927;63.2927
9876;-0.8213;-0.1172;-0.2817;37.0732;37.0732;37.0732
9886;-0.8579;-0.0776;-0.2422;17.0122;17.0122;17.0122
9896;-0.8828;0.0527;-0.2012;15.0000;15.0000;15.0000
9906;-0.8877;0.1597;-0.1504;23.5366;23.5366;23.5366
9916;-0.8701;0.2515;-0.0942;56.2195;56.2195;56.2195
9926;-0.8428;0.3105;-0.0786;92.1341;92.1341;92.1341
9936;-1.0474;0.3140;-0.1226;113.7805;113.7805;113.7805
9946;-1.3442;-0.0718;-0.2271;92.1951;92.1951;92.1951
9956;-1.4697;-0.7056;-0.4517;27.4390;27.4390;27.4390
9966;-1.2583;-1.2744;-0.7188;-54.4512;-54.4512;-54.4512
9976;-1.1040;-1.3218;-0.8301;-162.6219;-162.6219;-162.6219
9986;-1.1226;-1.1221;-0.9063;-229.5732;-229.5732;-229.5732
9996;-1.1416;-0.1523;-0.7832;-291.4024;-291.4024;-291.4024
10006;-1.3315;0.6431;-0.5806;-323.5976;-323.5976;-323.5976
10016;-1.3154;1.0605;-0.5469;-263.0488;-263.0488;-263.0488
10027;-1.2002;1.2383;-0.2754;-168.7195;-168.7195;-168.7195
10037;-0.8247;1.2939;-0.0791;-62.1951;-62.1951;-62.1951
10047;-0.3716;0.8491;0.2612;14.0854;14.0854;14.0854
10057;-0.2725;0.4321;0.2300;32.9268;32.9268;32.9268
10067;-0.3960;-0.0127;0.1362;-4.4512;-4.4512;-4.4512
10077;-0.6670;-0.1064;0.0410;-50.0610;-50.0610;-50.0610
10087;-0.9507;-0.1240;0.0234;-63.5976;-63.5976;-63.5976
10097;-0.9902;-0.1465;0.0190;-37.7439;-37.7439;-37.7439
10107;-0.9307;-0.2632;0.0093;-17.6220;-17.6220;-17.6220
10117;-0.8818;-0.3633;-0.0522;-13.9024;-13.9024;-13.9024
10127;-0.8628;-0.4712;-0.0435;-18.2927;-18.2927;-18.2927
10137;-0.8965;-0.4380;-0.0801;-16.2195;-16.2195;-16.2195
10147;-0.9849;-0.3623;-0.1733;-12.6220;-12.6220;-12.6220
10157;-1.0210;-0.3296;-0.2397;-34.7561;-34.7561;-34.7561
10167;-1.0830;-0.2002;-0.1812;-64.7561;-64.7561;-64.7561
10177;-1.0923;-0.0469;-0.1475;-68.4146;-68.4146;-68.4146
10187;-1.0879;0.3301;0.0137;-96.7683;-96.7683;-96.7683
10198;-1.1270;0.6221;-0.0610;-40.8537;-40.8537;-40.8537
10208;-1.1577;0.9038;-0.0186;85.9146;85.9146;85.9146
10218;-1.1919;1.0479;-0.1421;247.0732;247.0732;247.0732
10228;-1.3564;1.0400;-0.2192;422.9878;422.9878;422.9878
10238;-1.8228;0.9585;-0.5786;501.9512;501.9512;501.9512
10248;-2.2227;0.5747;-1.0747;488.2317;488.2317;488.2317
10258;-2.0698;-0.2515;-1.3398;381.0976;381.0976;381.0976
10268;-1.0708;-1.0684;-1.2720;212.5000;212.5000;212.5000
10278;-0.5669;-1.2017;-1.0220;12.3780;12.3780;12.3780
10288;-0.1597;-1.2881;-0.8135;-124.0244;-124.0244;-124.0244
10298;-0.0620;-0.9541;-0.4019;-217.8049;-217.8049;-217.8049
10308;-0.3062;-0.3037;-0.1348;-245.0610;-245.0610;-245.0610
10318;-0.7729;0.2471;0.1113;-251.6463;-251.6463;-251.6463
10328;-1.1548;0.3809;0.2480;-234.0244;-234.0244;-234.0244
10338;-1.2520;0.3911;0.1738;-187.8659;-187.8659;-187.8659
10348;-1.2720;0.3521;0.1035;-123.3537;-123.3537;-123.3537
10358;-1.2588;0.1963;-0.0327;-50.3049;-50.3049;-50.3049
10368;-1.1646;0.0659;-0.1113;10.7317;10.7317;10.7317
10378;-0.9990;-0.0259;-0.1338;47.3781;47.3781;47.3781
10388;-0.8403;-0.0649;-0.1558;63.2317;63.2317;63.2317
10398;-0.7432;-0.0635;-0.1855;54.2683;54.2683;54.2683
10408;-0.7002;-0.0752;-0.2104;24.5732;24.5732;24.5732
10418;-0.6548;-0.0317;-0.2798;-8.6585;-8.6585;-8.6585
10428;-0.7261;0.0459;-0.1436;-41.7683;-41.7683;-41.7683
10438;-0.8691;0.0962;-0.0776;-54.0244;-54.0244;-54.0244
10448;-0.9985;0.1011;-0.0796;-50.1829;-50.1829;-50.1829
10458;-1.0610;0.1182;-0.0796;-39.3902;-39.3902;-39.3902
10468;-1.0576;0.1089;-0.0767;-21.3415;-21.3415;-21.3415
10478;-1.0459;0.1079;-0.0938;-5.4268;-5.4268;-5.4268
10488;-1.0581;0.0376;-0.1294;-2.1341;-2.1341;-2.1341
10498;-1.0068;0.0049;-0.1309;-2.5000;-2.5000;-2.5000
10508;-0.9448;0.0029;-0.1182;-0.2439;-0.2439;-0.2439
10518;-0.8843;0.0220;-0.1206;1.2195;1.2195;1.2195
10528;-0.8525;0.0381;-0.0952;-2.3171;-2.3171;-2.3171
10539;-0.8804;0.0146;-0.1040;-2.7439;-2.7439;-2.7439
10549;-0.8921;0.0083;-0.1074;-0.1829;-0.1829;-0.1829
10559;-0.9014;0.0537;-0.1016;0.1220;0.1220;0.1220
10569;-0.9619;0.0615;-0.0874;-3.5976;-3.5976;-3.5976
10579;-0.9868;0.0371;-0.1138;-3.9024;-3.9024;-3.9024
10589;-0.9736;0.0303;-0.1162;2.5610;2.5610;2.5610
10599;-0.9722;0.0313;-0.1538;5.7927;5.7927;5.7927
10609;-0.9771;0.0483;-0.1396;-0.0610;-0.0610;-0.0610
10619;-0.9761;0.0615;-0.1328;-2.6829;-2.6829;-2.6829
10629;-0.9619;0.0308;-0.1445;1.3415;1.3415;1.3415
10639;-0.9336;0.0205;-0.1597;3.5366;3.5366;3.5366
10649;-0.9243;0.0283;-0.1523;-1.8293;-1.8293;-1.8293
10659;-0.9312;0.0317;-0.1421;-4.6341;-4.6341;-4.6341
10669;-0.9287;0.0259;-0.1494;-2.8049;-2.8049;-2.8049
10679;-0.9370;0.0103;-0.1694;-0.7317;-0.7317;-0.7317
10689;-0.9717;0.0000;-0.1685;-0.3049;-0.3049;-0.3049
10699;-0.9614;-0.0112;-0.1660;-1.9512;-1.9512;-1.9512
10710;-0.9624;0.0225;-0.1602;-4.3293;-4.3293;-4.3293
10720;-0.9585;0.0205;-0.1523;-4.2683;-4.2683;-4.2683
10730;-0.9346;0.0342;-0.1646;-3.5366;-3.5366;-3.5366
10740;-0.9326;0.0391;-0.1396;-4.0244;-4.0244;-4.0244
10750;-0.9619;0.0308;-0.1514;-2.1341;-2.1341;-2.1341
10760;-0.9727;0.0352;-0.1416;0.7317;0.7317;0.7317
10770;-0.9814;0.0117;-0.1494;1.9512;1.9512;1.9512
10780;-0.9702;0.0063;-0.1670;4.2073;4.2073;4.2073
10790;-0.9565;0.0068;-0.1709;3.8415;3.8415;3.8415
10800;-0.9575;-0.0020;-0.1675;2.8659;2.8659;2.8659
10810;-0.9424;-0.0088;-0.1660;1.2195;1.2195;1.2195
10820;-0.9282;0.0083;-0.1655;0.4878;0.4878;0.4878
10830;-0.9561;0.0215;-0.1489;-0.3659;-0.3659;-0.3659
10840;-0.9771;0.0186;-0.1450;-1.6463;-1.6463;-1.6463
10850;-0.9526;0.0215;-0.1460;-1.5244;-1.5244;-1.5244
10860;-0.9395;0.0244;-0.1323;1.3415;1.3415;1.3415
10870;-0.9248;0.0254;-0.1309;2.8659;2.8659;2.8659
10880;-0.9561;0.0205;-0.1533;0.6098;0.6098;0.6098
10890;-0.9482;-0.0083;-0.1611;-3.1707;-3.1707;-3.1707
10900;-0.9302;0.0166;-0.1543;-2.8659;-2.8659;-2.8659
10910;-0.9146;0.0112;-0.1416;-0.3049;-0.3049;-0.3049
10920;-0.9111;0.0435;-0.1348;-2.1951;-2.1951;-2.1951
10930;-0.9468;0.0308;-0.1357;-2.3780;-2.3780;-2.3780
10940;-0.9409;0.0425;-0.1333;1.5244;1.5244;1.5244
10950;-0.9312;0.0293;-0.1299;3.7195;3.7195;3.7195
10960;-0.9243;0.0269;-0.1367;5.8537;5.8537;5.8537
10970;-0.9556;0.0332;-0.1646;2.9268;2.9268;2.9268
10980;-0.9800;0.0054;-0.1504;-3.1098;-3.1098;-3.1098
10990;-0.9551;0.0190;-0.1514;-3.4756;-3.4756;-3.4756
11000;-0.9409;0.0303;-0.1445;0.4268;0.4268;0.4268
11010;-0.9258;0.0303;-0.1411;2.5610;2.5610;2.5610
11020;-0.9282;0.0366;-0.1465;1.1585;1.1585;1.1585
11030;-0.9507;0.0313;-0.1460;-2.5610;-2.5610;-2.5610
11040;-0.9326;0.0234;-0.1470;-2.5000;-2.5000;-2.5000
11051;-0.9331;0.0112;-0.1470;0.5488;0.5488;0.5488
11061;-0.9155;0.0234;-0.1357;2.5610;2.5610;2.5610
11071;-0.9463;0.0195;-0.1455;-0.6098;-0.6098;-0.6098
11081;-0.9458;0.0166;-0.1567;-1.5244;-1.5244;-1.5244
11091;-0.9312;0.0186;-0.1357;-0.5488;-0.5488;-0.5488
11101;-0.9312;0.0156;-0.1411;1.1585;1.1585;1.1585
11111;-0.9229;0.0332;-0.1509;1.4634;1.4634;1.4634
11121;-0.9570;0.0293;-0.1460;-1.7073;-1.7073;-1.7073
11131;-0.9556;0.0181;-0.1504;-4.8780;-4.8780;-4.8780
11141;-0.9429;0.0171;-0.1440;-5.1829;-5.1829;-5.1829
11151;-0.9585;0.0151;-0.1396;-4.5732;-4.5732;-4.5732
11161;-0.9653;0.0186;-0.1616;-4.1463;-4.1463;-4.1463
11171;-0.9629;0.0088;-0.1709;-2.5000;-2.5000;-2.5000
11181;-0.9531;0.0107;-0.1704;-1.0366;-1.0366;-1.0366
11191;-0.9624;0.0244;-0.1772;-1.8902;-1.8902;-1.8902
11201;-0.9893;0.0195;-0.1680;-6.2195;-6.2195;-6.2195
11211;-0.9883;-0.0039;-0.1738;-2.8049;-2.8049;-2.8049
11222;-0.9736;0.0073;-0.1597;1.5244;1.5244;1.5244
11232;-0.9771;0.0107;-0.1519;2.3780;2.3780;2.3780
11242;-0.9609;0.0176;-0.1440;0.7317;0.7317;0.7317
11252;-0.9302;0.0317;-0.1416;-1.1585;-1.1585;-1.1585
11262;-0.9131;0.0342;-0.1362;-0.9146;-0.9146;-0.9146
11272;-0.9277;0.0444;-0.1226;-2.6829;-2.6829;-2.6829
11282;-0.9414;0.0356;-0.1255;-6.0366;-6.0366;-6.0366
11292;-0.9214;0.0425;-0.1265;-4.6951;-4.6951;-4.6951
11302;-0.9272;0.0396;-0.1177;-1.5854;-1.5854;-1.5854
11312;-0.9429;0.0254;-0.1401;-1.3415;-1.3415;-1.3415
11322;-0.9336;0.0249;-0.1279;-4.0244;-4.0244;-4.0244
11332;-0.9185;0.0210;-0.1357;-2.4390;-2.4390;-2.4390
11342;-0.9082;0.0264;-0.1196;-0.1220;-0.1220;-0.1220
11352;-0.9131;0.0259;-0.1294;0.9756;0.9756;0.9756
11362;-0.9414;0.0225;-0.1421;-0.5488;-0.5488;-0.5488
11372;-0.9263;0.0112;-0.1387;-2.9878;-2.9878;-2.9878
11382;-0.9360;0.0137;-0.1558;-1.2805;-1.2805;-1.2805
11392;-0.9531;0.0200;-0.1509;-0.7317;-0.7317;-0.7317
11402;-0.9858;0.0273;-0.1504;-1.6463;-1.6463;-1.6463
11412;-0.9688;0.0161;-0.1572;-2.0732;-2.0732;-2.0732
11422;-0.9507;0.0229;-0.1611;0.7927;0.7927;0.7927
11432;-0.9434;0.0200;-0.1440;1.8293;1.8293;1.8293
11442;-0.9492;0.0176;-0.1558;0.0610;0.0610;0.0610
11452;-0.9692;0.0005;-0.1572;-3.7195;-3.7195;-3.7195
11462;-0.9561;0.0122;-0.1611;-4.8780;-4.8780;-4.8780
11472;-0.9536;0.0220;-0.1553;-3.2317;-3.2317;-3.2317
11482;-0.9512;0.0225;-0.1416;-1.8902;-1.8902;-1.8902
11492;-0.9624;0.0278;-0.1465;-2.3171;-2.3171;-2.3171
11502;-0.9536;0.0269;-0.1382;-2.9268;-2.9268;-2.9268
11512;-0.9390;0.0137;-0.1479;-0.1829;-0.1829;-0.1829
11522;-0.9292;0.0137;-0.1455;1.1585;1.1585;1.1585
11532;-0.9434;0.0225;-0.1519;0.8537;0.8537;0.8537
11542;-0.9536;0.0132;-0.1387;-2.2561;-2.2561;-2.2561
11552;-0.9360;0.0195;-0.1426;-5.0000;-5.0000;-5.0000
11566;-0.9380;0.0225;-0.1343;-1.7073;-1.7073;-1.7073
11576;-0.9492;0.0337;-0.1445;-0.5488;-0.5488;-0.5488
11586;-0.9321;0.0225;-0.1470;0.6098;0.6098;0.6098
11596;-0.9395;0.0190;-0.1377;0.7317;0.7317;0.7317
11606;-0.9414;0.0220;-0.1460;0.1220;0.1220;0.1220
